title,movie_similarity
The Bourne Supremacy,4.816184043884277
Snatch.,4.475056529045105
Fight Club,4.090642929077148
Wanted,3.7561517953872676
Notorious,3.5413363575935364
Lara Croft Tomb Raider: The Cradle of Life,3.430225253105164
Ocean's Thirteen,3.1709662079811096
Ocean's Twelve,2.8157976269721985
Mission: Impossible III,2.7865535020828247
Mission: Impossible III,2.7857810258865356
